Parameter,Value
MSE,0.7940552016985138
MAE,0.37791932059447986
R-SQUARED,0.529842261189847
RMSE,0.8910977509221498
ACCURACY,74.52229299363057
