Parameter,Value
MSE,1.3805309734513274
MAE,0.6159292035398231
R-SQUARED,0.12595942166954233
RMSE,1.1749599880214336
ACCURACY,63.36283185840708
