Parameter,Value
MSE,1.3026548672566372
MAE,0.552212389380531
R-SQUARED,0.17526427480613227
RMSE,1.1413390676116528
ACCURACY,68.49557522123894
