Parameter,Value
MSE,0.4814159292035398
MAE,0.26548672566371684
R-SQUARED,0.6952063624283532
RMSE,0.6938414294372597
ACCURACY,80.17699115044248
